Piece Code,Product,Size,Serial,Passport URL (encode in QR),Claim Code (print under label)
TEE-S-0001,DB-TEE-01,S,1,https://dirbalk.com/p/hkdsghd,B2TG-XQ47
TEE-S-0002,DB-TEE-01,S,2,https://dirbalk.com/p/kcbd823,5D3B-GYK4
TEE-S-0003,DB-TEE-01,S,3,https://dirbalk.com/p/uge2dxd,6MNC-HRMP
TEE-S-0004,DB-TEE-01,S,4,https://dirbalk.com/p/hng4qbz,EUKY-AKCA
TEE-S-0005,DB-TEE-01,S,5,https://dirbalk.com/p/3n727h3,KKMM-XZRE
TEE-S-0006,DB-TEE-01,S,6,https://dirbalk.com/p/fbfkegz,DJEU-XW8T
TEE-S-0007,DB-TEE-01,S,7,https://dirbalk.com/p/wpzp9rb,G6RQ-MWHT
TEE-S-0008,DB-TEE-01,S,8,https://dirbalk.com/p/b76e57b,D7MZ-9RYS
TEE-S-0009,DB-TEE-01,S,9,https://dirbalk.com/p/6fp7c33,BSRE-4GE5
TEE-S-0010,DB-TEE-01,S,10,https://dirbalk.com/p/bdjvab9,2VT4-FSXJ
TEE-S-0011,DB-TEE-01,S,11,https://dirbalk.com/p/ud3bshk,QHXU-TVBU
TEE-S-0012,DB-TEE-01,S,12,https://dirbalk.com/p/p88js9s,6AF8-45NB
TEE-S-0013,DB-TEE-01,S,13,https://dirbalk.com/p/j7gqvju,NEPJ-R8ZY
TEE-S-0014,DB-TEE-01,S,14,https://dirbalk.com/p/gypgn8e,4RBE-T8WQ
TEE-S-0015,DB-TEE-01,S,15,https://dirbalk.com/p/9tgtk48,2GGT-G8GZ
TEE-S-0016,DB-TEE-01,S,16,https://dirbalk.com/p/7knef3f,HPP2-M3YC
TEE-S-0017,DB-TEE-01,S,17,https://dirbalk.com/p/6rhd2rj,NWPZ-Q925
TEE-S-0018,DB-TEE-01,S,18,https://dirbalk.com/p/fj4dhuw,SMHY-HFZW
TEE-S-0019,DB-TEE-01,S,19,https://dirbalk.com/p/f97tvmn,G82U-STDU
TEE-S-0020,DB-TEE-01,S,20,https://dirbalk.com/p/vkv42jc,D5H6-QXKX
TEE-M-0021,DB-TEE-01,M,21,https://dirbalk.com/p/jnf23cb,VRHU-NV3A
TEE-M-0022,DB-TEE-01,M,22,https://dirbalk.com/p/c8suxv3,FN47-AABY
TEE-M-0023,DB-TEE-01,M,23,https://dirbalk.com/p/g25q64b,SV3P-QZEU
TEE-M-0024,DB-TEE-01,M,24,https://dirbalk.com/p/wsqdnjp,V7RV-UAW7
TEE-M-0025,DB-TEE-01,M,25,https://dirbalk.com/p/9y45zcf,7RWS-JUS7
TEE-M-0026,DB-TEE-01,M,26,https://dirbalk.com/p/rwvwfz4,Z9MT-U365
TEE-M-0027,DB-TEE-01,M,27,https://dirbalk.com/p/7q8f6e6,Z88U-26NT
TEE-M-0028,DB-TEE-01,M,28,https://dirbalk.com/p/c6ywcuh,AQB9-8XV7
TEE-M-0029,DB-TEE-01,M,29,https://dirbalk.com/p/q7f64ad,3VA6-GCQ7
TEE-M-0030,DB-TEE-01,M,30,https://dirbalk.com/p/wcasps2,3J67-HMZM
TEE-M-0031,DB-TEE-01,M,31,https://dirbalk.com/p/w7yxn93,DWQD-9Y2K
TEE-M-0032,DB-TEE-01,M,32,https://dirbalk.com/p/buju85t,2KA9-6QY3
TEE-M-0033,DB-TEE-01,M,33,https://dirbalk.com/p/9yqa9rc,KDUX-VCRK
TEE-M-0034,DB-TEE-01,M,34,https://dirbalk.com/p/ac3wf5d,FXDH-WTEW
TEE-M-0035,DB-TEE-01,M,35,https://dirbalk.com/p/6ghtwjj,URVV-W9AS
TEE-M-0036,DB-TEE-01,M,36,https://dirbalk.com/p/9yqn4cb,2DWU-DKWY
TEE-M-0037,DB-TEE-01,M,37,https://dirbalk.com/p/egf9rur,Y3TS-FAXC
TEE-M-0038,DB-TEE-01,M,38,https://dirbalk.com/p/gfh8wgw,JKXE-5H6G
TEE-M-0039,DB-TEE-01,M,39,https://dirbalk.com/p/cabpvsv,NX8U-TBPX
TEE-M-0040,DB-TEE-01,M,40,https://dirbalk.com/p/vdea4ff,CTRQ-V5JV
TEE-M-0041,DB-TEE-01,M,41,https://dirbalk.com/p/cwdmq5t,TGTE-QKDY
TEE-M-0042,DB-TEE-01,M,42,https://dirbalk.com/p/n7kyw6a,FV46-7B8J
TEE-M-0043,DB-TEE-01,M,43,https://dirbalk.com/p/4r5wuns,C2X8-8YYQ
TEE-M-0044,DB-TEE-01,M,44,https://dirbalk.com/p/f69tqx6,BUVM-DVYK
TEE-M-0045,DB-TEE-01,M,45,https://dirbalk.com/p/cds7655,7QP7-AVJV
TEE-M-0046,DB-TEE-01,M,46,https://dirbalk.com/p/2wdrgcd,XG98-YU9V
TEE-M-0047,DB-TEE-01,M,47,https://dirbalk.com/p/3zepnws,SVEK-4262
TEE-M-0048,DB-TEE-01,M,48,https://dirbalk.com/p/c2frszz,S97E-BVCG
TEE-M-0049,DB-TEE-01,M,49,https://dirbalk.com/p/4knbtd6,SU3W-NYTG
TEE-M-0050,DB-TEE-01,M,50,https://dirbalk.com/p/fydky26,F5B5-A7A2
TEE-M-0051,DB-TEE-01,M,51,https://dirbalk.com/p/j79a9cf,QXSZ-P2PB
TEE-M-0052,DB-TEE-01,M,52,https://dirbalk.com/p/vqqw857,D7NC-S38X
TEE-M-0053,DB-TEE-01,M,53,https://dirbalk.com/p/xs2ane2,WD84-HXT8
TEE-M-0054,DB-TEE-01,M,54,https://dirbalk.com/p/h5a8q84,7MG9-Q75W
TEE-M-0055,DB-TEE-01,M,55,https://dirbalk.com/p/vqwhjbb,Z4PT-5H22
TEE-M-0056,DB-TEE-01,M,56,https://dirbalk.com/p/j5snej3,JXC9-D37R
TEE-M-0057,DB-TEE-01,M,57,https://dirbalk.com/p/dm8kh76,WFCR-VJTD
TEE-M-0058,DB-TEE-01,M,58,https://dirbalk.com/p/g74ccbm,TZUZ-P8V2
TEE-M-0059,DB-TEE-01,M,59,https://dirbalk.com/p/kaut95e,3A66-H23T
TEE-M-0060,DB-TEE-01,M,60,https://dirbalk.com/p/cm85r4c,4VJ7-H5MH
TEE-M-0061,DB-TEE-01,M,61,https://dirbalk.com/p/j2ms846,UYBN-UREC
TEE-M-0062,DB-TEE-01,M,62,https://dirbalk.com/p/64aw2xn,4DEN-WZAY
TEE-M-0063,DB-TEE-01,M,63,https://dirbalk.com/p/tvdsafe,79ZK-TKFX
TEE-M-0064,DB-TEE-01,M,64,https://dirbalk.com/p/c5qytbr,JYC2-WGA7
TEE-M-0065,DB-TEE-01,M,65,https://dirbalk.com/p/dp53ka9,6A2A-H8JH
TEE-M-0066,DB-TEE-01,M,66,https://dirbalk.com/p/b544euh,VUFK-RJBU
TEE-M-0067,DB-TEE-01,M,67,https://dirbalk.com/p/bmgnqq3,ARJV-EZS2
TEE-M-0068,DB-TEE-01,M,68,https://dirbalk.com/p/cg3ssfa,C2FQ-G2DN
TEE-M-0069,DB-TEE-01,M,69,https://dirbalk.com/p/uenx7mh,2V5K-Z2QW
TEE-M-0070,DB-TEE-01,M,70,https://dirbalk.com/p/3nhmeq5,US47-W2ET
TEE-M-0071,DB-TEE-01,M,71,https://dirbalk.com/p/ua6gfz6,2S5R-26B5
TEE-M-0072,DB-TEE-01,M,72,https://dirbalk.com/p/qxek7kj,QZXN-99VW
TEE-M-0073,DB-TEE-01,M,73,https://dirbalk.com/p/p4gt642,49PS-EG4X
TEE-M-0074,DB-TEE-01,M,74,https://dirbalk.com/p/be2q789,ZG42-B5UE
TEE-M-0075,DB-TEE-01,M,75,https://dirbalk.com/p/rkxm2pr,65YE-YC5S
TEE-M-0076,DB-TEE-01,M,76,https://dirbalk.com/p/s4v7m6j,4MPP-S3G3
TEE-M-0077,DB-TEE-01,M,77,https://dirbalk.com/p/jx4jfjp,QZN9-DJFF
TEE-M-0078,DB-TEE-01,M,78,https://dirbalk.com/p/p6wrhrp,VAU8-CGMX
TEE-M-0079,DB-TEE-01,M,79,https://dirbalk.com/p/nvjfg33,G5WT-DCGB
TEE-M-0080,DB-TEE-01,M,80,https://dirbalk.com/p/wpuybwn,8HSW-XSHW
TEE-L-0081,DB-TEE-01,L,81,https://dirbalk.com/p/pfetm32,8YUG-52AX
TEE-L-0082,DB-TEE-01,L,82,https://dirbalk.com/p/becbazq,5YMG-3PUC
TEE-L-0083,DB-TEE-01,L,83,https://dirbalk.com/p/xuag4d7,M695-N8TD
TEE-L-0084,DB-TEE-01,L,84,https://dirbalk.com/p/awkhpsx,3C5S-2RDN
TEE-L-0085,DB-TEE-01,L,85,https://dirbalk.com/p/gmu4a5z,PCQM-WSG2
TEE-L-0086,DB-TEE-01,L,86,https://dirbalk.com/p/7b7smwe,G5WF-5Q4M
TEE-L-0087,DB-TEE-01,L,87,https://dirbalk.com/p/5yfbv6p,UYWE-5HT9
TEE-L-0088,DB-TEE-01,L,88,https://dirbalk.com/p/fj3j3gs,UV2S-G6ZK
TEE-L-0089,DB-TEE-01,L,89,https://dirbalk.com/p/7bbk5vp,Q9FH-FC9C
TEE-L-0090,DB-TEE-01,L,90,https://dirbalk.com/p/m2q8v8m,MEU4-5SMK
TEE-L-0091,DB-TEE-01,L,91,https://dirbalk.com/p/c2rx9dk,VJQK-VRPF
TEE-L-0092,DB-TEE-01,L,92,https://dirbalk.com/p/9trw9sa,AV9S-FRRN
TEE-L-0093,DB-TEE-01,L,93,https://dirbalk.com/p/4uj43wa,WPJY-JEJY
TEE-L-0094,DB-TEE-01,L,94,https://dirbalk.com/p/s3h4vgv,GQKB-GQWU
TEE-L-0095,DB-TEE-01,L,95,https://dirbalk.com/p/kfy2zhr,DUKS-BE9C
TEE-L-0096,DB-TEE-01,L,96,https://dirbalk.com/p/q93rg74,5QWB-C4VW
TEE-L-0097,DB-TEE-01,L,97,https://dirbalk.com/p/n67s4pe,X2J5-PCXB
TEE-L-0098,DB-TEE-01,L,98,https://dirbalk.com/p/k2cun3s,2P8U-BJ4K
TEE-L-0099,DB-TEE-01,L,99,https://dirbalk.com/p/t6pvyc3,3NA9-F6FS
TEE-L-0100,DB-TEE-01,L,100,https://dirbalk.com/p/csxp6jn,2SEH-29XU
DEN-S-0001,DB-DEN-01,S,1,https://dirbalk.com/p/y3aaahm,D5JV-7B3E
DEN-S-0002,DB-DEN-01,S,2,https://dirbalk.com/p/d9xunaw,7VG8-UJKU
DEN-S-0003,DB-DEN-01,S,3,https://dirbalk.com/p/ss579da,6WS9-BUQP
DEN-S-0004,DB-DEN-01,S,4,https://dirbalk.com/p/9dfq6mh,QB2S-74F7
DEN-S-0005,DB-DEN-01,S,5,https://dirbalk.com/p/vhve88p,MN6S-U445
DEN-S-0006,DB-DEN-01,S,6,https://dirbalk.com/p/spnp357,KFAE-9RBP
DEN-S-0007,DB-DEN-01,S,7,https://dirbalk.com/p/xec99v2,7KP4-QKTW
DEN-S-0008,DB-DEN-01,S,8,https://dirbalk.com/p/cufdzgx,E3GF-6BTQ
DEN-S-0009,DB-DEN-01,S,9,https://dirbalk.com/p/763sfqa,HUAH-QUHE
DEN-S-0010,DB-DEN-01,S,10,https://dirbalk.com/p/r5z35cb,5QKH-5ARP
DEN-S-0011,DB-DEN-01,S,11,https://dirbalk.com/p/xjuw455,7D3U-3JXZ
DEN-S-0012,DB-DEN-01,S,12,https://dirbalk.com/p/tghm4g7,VFG2-8VWD
DEN-S-0013,DB-DEN-01,S,13,https://dirbalk.com/p/ebe99d6,ZUV9-9C4N
DEN-S-0014,DB-DEN-01,S,14,https://dirbalk.com/p/tbybyx6,U24Y-4V2H
DEN-S-0015,DB-DEN-01,S,15,https://dirbalk.com/p/z4sy4ry,3XQN-F2FD
DEN-S-0016,DB-DEN-01,S,16,https://dirbalk.com/p/c2mfy7n,G4TP-V2DS
DEN-S-0017,DB-DEN-01,S,17,https://dirbalk.com/p/znbvjua,URR4-GCUV
DEN-S-0018,DB-DEN-01,S,18,https://dirbalk.com/p/hhzu7tf,PJTC-XQQ2
DEN-S-0019,DB-DEN-01,S,19,https://dirbalk.com/p/pas5b4s,JHKQ-Z2XS
DEN-S-0020,DB-DEN-01,S,20,https://dirbalk.com/p/py6zq9s,B9Q8-TU65
DEN-M-0021,DB-DEN-01,M,21,https://dirbalk.com/p/bnav768,CVPJ-VRPA
DEN-M-0022,DB-DEN-01,M,22,https://dirbalk.com/p/7pycsz9,XCR2-NV9B
DEN-M-0023,DB-DEN-01,M,23,https://dirbalk.com/p/bwmym6b,7UDT-NQBY
DEN-M-0024,DB-DEN-01,M,24,https://dirbalk.com/p/eadyn2s,92AE-8NPH
DEN-M-0025,DB-DEN-01,M,25,https://dirbalk.com/p/2wspvgw,U59C-HP57
DEN-M-0026,DB-DEN-01,M,26,https://dirbalk.com/p/jng93bm,KGFB-A6QW
DEN-M-0027,DB-DEN-01,M,27,https://dirbalk.com/p/zu2mzna,6XXB-JHCF
DEN-M-0028,DB-DEN-01,M,28,https://dirbalk.com/p/n4sprcv,FENW-G84F
DEN-M-0029,DB-DEN-01,M,29,https://dirbalk.com/p/hk9f3cy,EB47-W7D8
DEN-M-0030,DB-DEN-01,M,30,https://dirbalk.com/p/z8xjvgd,UP3W-MX33
DEN-M-0031,DB-DEN-01,M,31,https://dirbalk.com/p/a5gz88m,BZNW-QBT7
DEN-M-0032,DB-DEN-01,M,32,https://dirbalk.com/p/xgzwexp,SR2J-AQNQ
DEN-M-0033,DB-DEN-01,M,33,https://dirbalk.com/p/dzbdw6x,AQ8A-WJQ7
DEN-M-0034,DB-DEN-01,M,34,https://dirbalk.com/p/65r8bm6,2CN7-6K75
DEN-M-0035,DB-DEN-01,M,35,https://dirbalk.com/p/qbubqm3,M9FS-UA4P
DEN-M-0036,DB-DEN-01,M,36,https://dirbalk.com/p/km83vwk,B2AR-8EKZ
DEN-M-0037,DB-DEN-01,M,37,https://dirbalk.com/p/cfa6b29,KGJF-N8VD
DEN-M-0038,DB-DEN-01,M,38,https://dirbalk.com/p/f373jn8,THST-A3J9
DEN-M-0039,DB-DEN-01,M,39,https://dirbalk.com/p/w565rdp,UBWC-ZSEJ
DEN-M-0040,DB-DEN-01,M,40,https://dirbalk.com/p/7dtk5b5,WNMX-5Z8T
DEN-M-0041,DB-DEN-01,M,41,https://dirbalk.com/p/fsxhx4c,WTFR-7NP4
DEN-M-0042,DB-DEN-01,M,42,https://dirbalk.com/p/qt3wjnh,3VA6-973J
DEN-M-0043,DB-DEN-01,M,43,https://dirbalk.com/p/9mmdd35,PA2M-BG3S
DEN-M-0044,DB-DEN-01,M,44,https://dirbalk.com/p/f3zb7kw,UP9Y-5VNM
DEN-M-0045,DB-DEN-01,M,45,https://dirbalk.com/p/ua7w2v3,QGZT-RE3J
DEN-M-0046,DB-DEN-01,M,46,https://dirbalk.com/p/purt7xs,VS6P-SQDG
DEN-M-0047,DB-DEN-01,M,47,https://dirbalk.com/p/5mzqhpj,JUX7-FWW3
DEN-M-0048,DB-DEN-01,M,48,https://dirbalk.com/p/5ejjrn2,7QNG-PNV6
DEN-M-0049,DB-DEN-01,M,49,https://dirbalk.com/p/dcxf78p,JQ6S-RBPT
DEN-M-0050,DB-DEN-01,M,50,https://dirbalk.com/p/yxhb4ur,G9KN-3HKT
DEN-M-0051,DB-DEN-01,M,51,https://dirbalk.com/p/c283tvs,Q9CP-ZU43
DEN-M-0052,DB-DEN-01,M,52,https://dirbalk.com/p/fcv45et,MDDE-9T7R
DEN-M-0053,DB-DEN-01,M,53,https://dirbalk.com/p/3g6y4dv,F79W-HU8C
DEN-M-0054,DB-DEN-01,M,54,https://dirbalk.com/p/zacvjsx,K7K5-2YDB
DEN-M-0055,DB-DEN-01,M,55,https://dirbalk.com/p/kw6csme,KA3B-DC6E
DEN-M-0056,DB-DEN-01,M,56,https://dirbalk.com/p/d2a3hva,4SGV-AHEC
DEN-M-0057,DB-DEN-01,M,57,https://dirbalk.com/p/7hvgby9,RXAH-U4H6
DEN-M-0058,DB-DEN-01,M,58,https://dirbalk.com/p/wjty3j4,NGEU-KY8C
DEN-M-0059,DB-DEN-01,M,59,https://dirbalk.com/p/aau2mzt,FH3W-Z87N
DEN-M-0060,DB-DEN-01,M,60,https://dirbalk.com/p/3xut9kt,GYBU-2NXQ
DEN-M-0061,DB-DEN-01,M,61,https://dirbalk.com/p/rb8rzqx,R7WW-FYY4
DEN-M-0062,DB-DEN-01,M,62,https://dirbalk.com/p/2zc2wtm,HNXU-EYS6
DEN-M-0063,DB-DEN-01,M,63,https://dirbalk.com/p/56yqs8v,KJGR-42BS
DEN-M-0064,DB-DEN-01,M,64,https://dirbalk.com/p/a58yaff,HSFJ-E83Z
DEN-M-0065,DB-DEN-01,M,65,https://dirbalk.com/p/jcdhk4y,9H7G-QXAD
DEN-M-0066,DB-DEN-01,M,66,https://dirbalk.com/p/6zn97ts,X7GC-QKGP
DEN-M-0067,DB-DEN-01,M,67,https://dirbalk.com/p/h488zct,KM6P-VRGQ
DEN-M-0068,DB-DEN-01,M,68,https://dirbalk.com/p/2jfvwnq,KP2W-Y7YH
DEN-M-0069,DB-DEN-01,M,69,https://dirbalk.com/p/6tcwhd7,URXY-UFPT
DEN-M-0070,DB-DEN-01,M,70,https://dirbalk.com/p/zttem8k,NVY3-WTX3
DEN-M-0071,DB-DEN-01,M,71,https://dirbalk.com/p/b2xjrce,UKHG-PQZG
DEN-M-0072,DB-DEN-01,M,72,https://dirbalk.com/p/aazam54,5JX4-DVYY
DEN-M-0073,DB-DEN-01,M,73,https://dirbalk.com/p/mg9un3g,448A-657Y
DEN-M-0074,DB-DEN-01,M,74,https://dirbalk.com/p/f29g2hg,HYQM-MA8F
DEN-M-0075,DB-DEN-01,M,75,https://dirbalk.com/p/zp83zh3,PWV3-2N8F
DEN-M-0076,DB-DEN-01,M,76,https://dirbalk.com/p/n58t7gk,97PB-5QEV
DEN-M-0077,DB-DEN-01,M,77,https://dirbalk.com/p/kgy32y5,2XTK-VUKX
DEN-M-0078,DB-DEN-01,M,78,https://dirbalk.com/p/2fjbucc,P4WC-HGYV
DEN-M-0079,DB-DEN-01,M,79,https://dirbalk.com/p/ucvuq5a,W448-XD2E
DEN-M-0080,DB-DEN-01,M,80,https://dirbalk.com/p/g4uv35v,MVU6-K94M
DEN-L-0081,DB-DEN-01,L,81,https://dirbalk.com/p/2dyuwrh,7HFD-PSSD
DEN-L-0082,DB-DEN-01,L,82,https://dirbalk.com/p/cq8wsdz,ZU8R-S2VQ
DEN-L-0083,DB-DEN-01,L,83,https://dirbalk.com/p/wxggne7,WV6X-EE2T
DEN-L-0084,DB-DEN-01,L,84,https://dirbalk.com/p/aj885hf,KCGX-KRHH
DEN-L-0085,DB-DEN-01,L,85,https://dirbalk.com/p/t6gr9xq,JXKF-7NHZ
DEN-L-0086,DB-DEN-01,L,86,https://dirbalk.com/p/sufwj3j,UUDX-VMP2
DEN-L-0087,DB-DEN-01,L,87,https://dirbalk.com/p/y55g8da,GAJU-WAFX
DEN-L-0088,DB-DEN-01,L,88,https://dirbalk.com/p/m7b7q7c,N8NV-DQ5G
DEN-L-0089,DB-DEN-01,L,89,https://dirbalk.com/p/kjj6kgk,6FH7-FAHH
DEN-L-0090,DB-DEN-01,L,90,https://dirbalk.com/p/peg5njf,5PFS-3A22
DEN-L-0091,DB-DEN-01,L,91,https://dirbalk.com/p/erjw3yn,SDYN-VJ92
DEN-L-0092,DB-DEN-01,L,92,https://dirbalk.com/p/cnymdhw,PWCZ-MBQ9
DEN-L-0093,DB-DEN-01,L,93,https://dirbalk.com/p/me37adg,MTBD-AYCN
DEN-L-0094,DB-DEN-01,L,94,https://dirbalk.com/p/p7ngkn6,BWZE-KNBZ
DEN-L-0095,DB-DEN-01,L,95,https://dirbalk.com/p/98msp2j,8747-DHQC
DEN-L-0096,DB-DEN-01,L,96,https://dirbalk.com/p/f4g2zr8,SPT6-TMBY
DEN-L-0097,DB-DEN-01,L,97,https://dirbalk.com/p/f39egww,8NHS-YRPW
DEN-L-0098,DB-DEN-01,L,98,https://dirbalk.com/p/qzhmbsp,CAQ6-WPGT
DEN-L-0099,DB-DEN-01,L,99,https://dirbalk.com/p/b4vx3e9,JGUR-T77T
DEN-L-0100,DB-DEN-01,L,100,https://dirbalk.com/p/85gueqf,EVZZ-YYVN
JKT-S-0001,DB-JAC-01,S,1,https://dirbalk.com/p/es2e7cj,XA7Z-VBVF
JKT-S-0002,DB-JAC-01,S,2,https://dirbalk.com/p/3egwun7,W26F-DTVM
JKT-S-0003,DB-JAC-01,S,3,https://dirbalk.com/p/c5gwd9v,GMBB-M4TH
JKT-S-0004,DB-JAC-01,S,4,https://dirbalk.com/p/arf4tct,4H2F-JXJ9
JKT-S-0005,DB-JAC-01,S,5,https://dirbalk.com/p/8kxxq6h,VA7W-AQ5E
JKT-S-0006,DB-JAC-01,S,6,https://dirbalk.com/p/92qsepz,VF69-5V63
JKT-S-0007,DB-JAC-01,S,7,https://dirbalk.com/p/qm8j7xe,GPTC-6CJX
JKT-S-0008,DB-JAC-01,S,8,https://dirbalk.com/p/hjxr9e4,F657-QFAV
JKT-S-0009,DB-JAC-01,S,9,https://dirbalk.com/p/v3ddmqb,HYRQ-4K2M
JKT-S-0010,DB-JAC-01,S,10,https://dirbalk.com/p/fa4yaft,CQYJ-AY7G
JKT-S-0011,DB-JAC-01,S,11,https://dirbalk.com/p/sny6nfs,NHHW-UHYK
JKT-S-0012,DB-JAC-01,S,12,https://dirbalk.com/p/yj6kfr3,SPKS-8AHK
JKT-S-0013,DB-JAC-01,S,13,https://dirbalk.com/p/8e6yh2s,WKEJ-FFUU
JKT-S-0014,DB-JAC-01,S,14,https://dirbalk.com/p/yud4ucz,47AK-JA7G
JKT-S-0015,DB-JAC-01,S,15,https://dirbalk.com/p/rzdqq6w,DHD2-T2JD
JKT-S-0016,DB-JAC-01,S,16,https://dirbalk.com/p/rrb735j,RMHZ-EPDR
JKT-S-0017,DB-JAC-01,S,17,https://dirbalk.com/p/xea8w6y,6ANF-X3KP
JKT-S-0018,DB-JAC-01,S,18,https://dirbalk.com/p/y29z3ka,YBBG-WJBB
JKT-S-0019,DB-JAC-01,S,19,https://dirbalk.com/p/mxd5dyh,WUMA-V4KE
JKT-S-0020,DB-JAC-01,S,20,https://dirbalk.com/p/a4azt35,VU7R-FP5P
JKT-M-0021,DB-JAC-01,M,21,https://dirbalk.com/p/8enrrys,BDJG-54G6
JKT-M-0022,DB-JAC-01,M,22,https://dirbalk.com/p/fvrs5zw,FQNQ-KQHZ
JKT-M-0023,DB-JAC-01,M,23,https://dirbalk.com/p/6t3aepw,UM82-QTZN
JKT-M-0024,DB-JAC-01,M,24,https://dirbalk.com/p/fasb4xy,RBBH-5A32
JKT-M-0025,DB-JAC-01,M,25,https://dirbalk.com/p/jsesw6v,PCCR-B82K
JKT-M-0026,DB-JAC-01,M,26,https://dirbalk.com/p/mrfa2ka,8ED8-U25C
JKT-M-0027,DB-JAC-01,M,27,https://dirbalk.com/p/qzy3rs8,KF5K-VXKY
JKT-M-0028,DB-JAC-01,M,28,https://dirbalk.com/p/99wqbs4,UYQA-W9TM
JKT-M-0029,DB-JAC-01,M,29,https://dirbalk.com/p/m77twbu,8UM2-KMST
JKT-M-0030,DB-JAC-01,M,30,https://dirbalk.com/p/5vbukw6,2YR6-TEQB
JKT-M-0031,DB-JAC-01,M,31,https://dirbalk.com/p/pn4tp5t,2NS3-2VMJ
JKT-M-0032,DB-JAC-01,M,32,https://dirbalk.com/p/vt86gpd,CW22-ZYJ7
JKT-M-0033,DB-JAC-01,M,33,https://dirbalk.com/p/semjjrq,FZBW-7EVZ
JKT-M-0034,DB-JAC-01,M,34,https://dirbalk.com/p/xgmz6a8,AWX3-6Y2R
JKT-M-0035,DB-JAC-01,M,35,https://dirbalk.com/p/kut8wwh,6CJE-DU2W
JKT-M-0036,DB-JAC-01,M,36,https://dirbalk.com/p/cp439ra,GAE8-7UPZ
JKT-M-0037,DB-JAC-01,M,37,https://dirbalk.com/p/cmtnyng,5CHX-MT35
JKT-M-0038,DB-JAC-01,M,38,https://dirbalk.com/p/q2amq7v,GNT5-JCYK
JKT-M-0039,DB-JAC-01,M,39,https://dirbalk.com/p/5h7qdnr,8RNB-72UT
JKT-M-0040,DB-JAC-01,M,40,https://dirbalk.com/p/dbq5anh,7A5P-GK68
JKT-M-0041,DB-JAC-01,M,41,https://dirbalk.com/p/vmks2pk,PRQZ-R2VA
JKT-M-0042,DB-JAC-01,M,42,https://dirbalk.com/p/fqvu7bc,NUUS-TAYS
JKT-M-0043,DB-JAC-01,M,43,https://dirbalk.com/p/jcc4hh8,JJR4-44JA
JKT-M-0044,DB-JAC-01,M,44,https://dirbalk.com/p/8xevupv,J5FC-6G9H
JKT-M-0045,DB-JAC-01,M,45,https://dirbalk.com/p/nutg5kq,AYJU-MCSU
JKT-M-0046,DB-JAC-01,M,46,https://dirbalk.com/p/fbffg7w,EJ5D-CTV8
JKT-M-0047,DB-JAC-01,M,47,https://dirbalk.com/p/87qwyrv,EMZE-BREW
JKT-M-0048,DB-JAC-01,M,48,https://dirbalk.com/p/muuspkz,5DY4-2MR4
JKT-M-0049,DB-JAC-01,M,49,https://dirbalk.com/p/qyy8ugb,39A3-Z4X3
JKT-M-0050,DB-JAC-01,M,50,https://dirbalk.com/p/52rwh92,3TXN-DQPU
JKT-M-0051,DB-JAC-01,M,51,https://dirbalk.com/p/mtpw2aq,4FJC-GFEE
JKT-M-0052,DB-JAC-01,M,52,https://dirbalk.com/p/nr98tgw,ATK6-59NP
JKT-M-0053,DB-JAC-01,M,53,https://dirbalk.com/p/pqqzjgc,C2VQ-JR4R
JKT-M-0054,DB-JAC-01,M,54,https://dirbalk.com/p/m5qrkgk,KC2U-27JT
JKT-M-0055,DB-JAC-01,M,55,https://dirbalk.com/p/zzw8ya2,TGU8-N5FT
JKT-M-0056,DB-JAC-01,M,56,https://dirbalk.com/p/6wh4qch,QB2A-UWX6
JKT-M-0057,DB-JAC-01,M,57,https://dirbalk.com/p/rnwyjss,6FNN-XK6J
JKT-M-0058,DB-JAC-01,M,58,https://dirbalk.com/p/uz6nbr8,2JPH-22CW
JKT-M-0059,DB-JAC-01,M,59,https://dirbalk.com/p/37h58xg,PRD6-R3KK
JKT-M-0060,DB-JAC-01,M,60,https://dirbalk.com/p/pjxwge3,KKYQ-UB5M
JKT-M-0061,DB-JAC-01,M,61,https://dirbalk.com/p/cr5aujp,Q5D8-42SD
JKT-M-0062,DB-JAC-01,M,62,https://dirbalk.com/p/nw7byb5,2GNR-EBR6
JKT-M-0063,DB-JAC-01,M,63,https://dirbalk.com/p/x54hpzm,37AZ-TC8B
JKT-M-0064,DB-JAC-01,M,64,https://dirbalk.com/p/hkqnx9g,TG26-J889
JKT-M-0065,DB-JAC-01,M,65,https://dirbalk.com/p/52tmkyx,RJQ7-932Q
JKT-M-0066,DB-JAC-01,M,66,https://dirbalk.com/p/3rbzhyj,UVUY-PFFV
JKT-M-0067,DB-JAC-01,M,67,https://dirbalk.com/p/nte9jzc,7JD6-EJVE
JKT-M-0068,DB-JAC-01,M,68,https://dirbalk.com/p/dwjckhb,94ZB-R5VV
JKT-M-0069,DB-JAC-01,M,69,https://dirbalk.com/p/m5qpy22,6D8H-ESQK
JKT-M-0070,DB-JAC-01,M,70,https://dirbalk.com/p/4tqrhdq,PHDD-XUQ2
JKT-M-0071,DB-JAC-01,M,71,https://dirbalk.com/p/ynf246b,3A79-NPQZ
JKT-M-0072,DB-JAC-01,M,72,https://dirbalk.com/p/s6brh4d,DTAA-V2C6
JKT-M-0073,DB-JAC-01,M,73,https://dirbalk.com/p/zh3rqva,KP6F-NAX5
JKT-M-0074,DB-JAC-01,M,74,https://dirbalk.com/p/cxz5qf8,MZ4R-FRV9
JKT-M-0075,DB-JAC-01,M,75,https://dirbalk.com/p/b8p3tzg,HHW6-F5QY
JKT-M-0076,DB-JAC-01,M,76,https://dirbalk.com/p/5dmcv55,XTUP-YZ8J
JKT-M-0077,DB-JAC-01,M,77,https://dirbalk.com/p/xfysanq,XPWR-SGR8
JKT-M-0078,DB-JAC-01,M,78,https://dirbalk.com/p/vrfm438,GPY8-F523
JKT-M-0079,DB-JAC-01,M,79,https://dirbalk.com/p/ssvy8mp,6QCS-FXBF
JKT-M-0080,DB-JAC-01,M,80,https://dirbalk.com/p/gbu7sfq,K3HR-VQZU
JKT-L-0081,DB-JAC-01,L,81,https://dirbalk.com/p/j2je5q4,K3AR-67Q6
JKT-L-0082,DB-JAC-01,L,82,https://dirbalk.com/p/jsa68fz,WK47-AZNY
JKT-L-0083,DB-JAC-01,L,83,https://dirbalk.com/p/4ww2rqe,AVDT-5CUH
JKT-L-0084,DB-JAC-01,L,84,https://dirbalk.com/p/8faqv5x,DXUQ-U9SY
JKT-L-0085,DB-JAC-01,L,85,https://dirbalk.com/p/7raxpet,KUBV-FSED
JKT-L-0086,DB-JAC-01,L,86,https://dirbalk.com/p/xd79ezz,3RQR-PHUC
JKT-L-0087,DB-JAC-01,L,87,https://dirbalk.com/p/d6jn3ua,X7PT-866M
JKT-L-0088,DB-JAC-01,L,88,https://dirbalk.com/p/jxfrgwm,XJYH-FD6C
JKT-L-0089,DB-JAC-01,L,89,https://dirbalk.com/p/2n39hk9,N8CS-QBYG
JKT-L-0090,DB-JAC-01,L,90,https://dirbalk.com/p/x96bza2,J8CP-UWGZ
JKT-L-0091,DB-JAC-01,L,91,https://dirbalk.com/p/fwb2q9v,8D93-HHPM
JKT-L-0092,DB-JAC-01,L,92,https://dirbalk.com/p/mcvgfbg,H4WB-6ES9
JKT-L-0093,DB-JAC-01,L,93,https://dirbalk.com/p/4x4wbu5,Q8EK-E5WF
JKT-L-0094,DB-JAC-01,L,94,https://dirbalk.com/p/tf86p93,TEMV-RM9K
JKT-L-0095,DB-JAC-01,L,95,https://dirbalk.com/p/re9wz35,JH3A-96H2
JKT-L-0096,DB-JAC-01,L,96,https://dirbalk.com/p/gjxkvcn,3PJU-6482
JKT-L-0097,DB-JAC-01,L,97,https://dirbalk.com/p/bbjgdbk,TXS8-7TVH
JKT-L-0098,DB-JAC-01,L,98,https://dirbalk.com/p/hj9zx8n,HVJ4-GN35
JKT-L-0099,DB-JAC-01,L,99,https://dirbalk.com/p/ymdq4z7,F9DZ-ZGWP
JKT-L-0100,DB-JAC-01,L,100,https://dirbalk.com/p/ybzb3k9,VXJJ-6JBB
